net_id,t,Method,Order.q,qD,qD.LCL,qD.UCL,SC,SC.LCL,SC.UCL,type,net_code,unique.ints,ref,country,plant_sp,family,continent,bioregion,plot_rank1,plot_rank2,cols_continent1,cols_continent2,cols_continent_d1,cols_continent_d2,cols_bioregions1,cols_bioregions_d1,cols_bioregions2,cols_bioregions_d2,cols_country,cols_magma,cols_viridis
01_01,40,Observed,0,27,24.406757849760574,29.593242150239426,0.9925999325349975,0.9846056620072697,1,ind,ind_01_01,392,Quintero et al 2023 Ecology letters,Spain,Pistacia lentiscus,Anacardiaceae,Europe,Mediterranean,8,8,#FF9B00,#FF9B00,#FFCA28FF,#FFCA28FF,#1871CD,#42A5F5FF,#1871CD,#42A5F5FF,#A9dc67,#51127CFF,#3B528BFF
01_02,40,Observed,0,16,11.699366527491518,20.30063347250848,0.9559764204189138,0.9243217472403413,0.9876310935974864,ind,ind_01_02,134,Quintero et al 2023 Ecology letters,Spain,Pistacia lentiscus,Anacardiaceae,Europe,Mediterranean,8,8,#FF9B00,#FF9B00,#FFCA28FF,#FFCA28FF,#1871CD,#42A5F5FF,#1871CD,#42A5F5FF,#A9dc67,#51127CFF,#3B528BFF
02_01,35,Observed,0,10,7.859915964338578,12.140084035661422,0.9858185610010427,0.9684921048324016,1,ind,ind_02_01,137,Isla et al 2023 PRSB,Spain,Juniperus phoenicea,Cupressaceae,Europe,Mediterranean,4,4,#FFC71F,#FFC71F,#FFCA28FF,#FFCA28FF,#39A1F4,#42A5F5FF,#39A1F4,#42A5F5FF,#D1AFE8,#170F3CFF,#482777FF
02_02,35,Observed,0,10,8.2023545298056,11.7976454701944,0.9873840445269016,0.9747421788951104,1,ind,ind_02_02,154,Isla et al 2023 PRSB,Spain,Juniperus phoenicea,Cupressaceae,Europe,Mediterranean,4,4,#FFC71F,#FFC71F,#FFCA28FF,#FFCA28FF,#39A1F4,#42A5F5FF,#39A1F4,#42A5F5FF,#D1AFE8,#170F3CFF,#482777FF
02_03,35,Observed,0,11,10.239361625561918,11.760638374438082,1,0.9925976598065842,1,ind,ind_02_03,148,Isla et al 2023 PRSB,Spain,Juniperus phoenicea,Cupressaceae,Europe,Mediterranean,4,4,#FFC71F,#FFC71F,#FFCA28FF,#FFCA28FF,#39A1F4,#42A5F5FF,#39A1F4,#42A5F5FF,#D1AFE8,#170F3CFF,#482777FF
03_01,13,Observed,0,10,6.367397209344482,13.632602790655518,0.8702702702702703,0.767031855184304,0.9735086853562366,ind,ind_03_01,37,Vergara-Tabares et al 2022 Oikos,Argentina,Lithraea molleoides,Anacardiaceae,America,Temperate,21,10,#90CAF9,#80CBC4,#42A5F5FF,#26A69AFF,#FFE082,#FFCA28FF,#FFE082,#FFCA28FF,#F4A3A8,#F8765CFF,#4AC16DFF
03_02,14,Observed,0,10,7.744694019190703,12.255305980809297,0.9437229437229437,0.8622456736197803,1,ind,ind_03_02,33,Vergara-Tabares et al 2022 Oikos,Argentina,Lithraea molleoides,Anacardiaceae,America,Temperate,21,10,#90CAF9,#80CBC4,#42A5F5FF,#26A69AFF,#FFE082,#FFCA28FF,#FFE082,#FFCA28FF,#F4A3A8,#F8765CFF,#4AC16DFF
03_03,14,Observed,0,13,10.110485654802783,15.889514345197217,0.9220389805097451,0.834814360764649,1,ind,ind_03_03,46,Vergara-Tabares et al 2022 Oikos,Argentina,Lithraea molleoides,Anacardiaceae,America,Temperate,21,10,#90CAF9,#80CBC4,#42A5F5FF,#26A69AFF,#FFE082,#FFCA28FF,#FFE082,#FFCA28FF,#F4A3A8,#F8765CFF,#4AC16DFF
03_04,13,Observed,0,12,9.106147856383608,14.893852143616392,0.9132791327913279,0.8450651259159022,0.9814931396667536,ind,ind_03_04,41,Vergara-Tabares et al 2022 Oikos,Argentina,Lithraea molleoides,Anacardiaceae,America,Temperate,21,10,#90CAF9,#80CBC4,#42A5F5FF,#26A69AFF,#FFE082,#FFCA28FF,#FFE082,#FFCA28FF,#F4A3A8,#F8765CFF,#4AC16DFF
03_05,12,Observed,0,11,7.810269905380058,14.189730094619943,0.8735632183908046,0.7100302909552401,1,ind,ind_03_05,29,Vergara-Tabares et al 2022 Oikos,Argentina,Lithraea molleoides,Anacardiaceae,America,Temperate,21,10,#90CAF9,#80CBC4,#42A5F5FF,#26A69AFF,#FFE082,#FFCA28FF,#FFE082,#FFCA28FF,#F4A3A8,#F8765CFF,#4AC16DFF
03_06,11,Observed,0,7,5.125497702281143,8.874502297718857,0.9272727272727272,0.8403788615803827,1,ind,ind_03_06,25,Vergara-Tabares et al 2022 Oikos,Argentina,Lithraea molleoides,Anacardiaceae,America,Temperate,21,10,#90CAF9,#80CBC4,#42A5F5FF,#26A69AFF,#FFE082,#FFCA28FF,#FFE082,#FFCA28FF,#F4A3A8,#F8765CFF,#4AC16DFF
04_01,18,Observed,0,17,14.319058402232997,19.680941597767003,0.9813902572523262,0.9470318484689156,1,ind,ind_04_01,87,Rodriguez-Sanchez 2010 PhD thesis,Spain,Laurus nobilis,Lauraceae,Europe,Mediterranean,5,5,#FFC107,#FFC107,#FFCA28FF,#FFCA28FF,#2196F3,#42A5F5FF,#2196F3,#42A5F5FF,#B998DD,#231151FF,#46337EFF
05_01,19,Observed,0,20,18.269912720297086,21.730087279702914,0.996122361051271,0.9872086838074223,1,ind,ind_05_01,210.99999999999997,Jordano 1995 Ecology,Spain,Prunus mahaleb,Rosaceae,Europe,Mediterranean,9,9,#FF8F00,#FF8F00,#FFCA28FF,#FFCA28FF,#1565C0,#42A5F5FF,#1565C0,#42A5F5FF,#39AB7e,#5F187FFF,#365C8DFF
06_01,17,Observed,0,9,6.249772005664268,11.75022799433573,0.9070967741935484,0.81399687631844575,1,ind,ind_06_01,31,Friedemann et al 2022 Oikos,Brazil,Euterpe edulis,Arecaceae,America,Tropical,24,17,#39A1F4,#1CA295,#42A5F5FF,#26A69AFF,#B257C2,#AB47BCFF,#EA6361,#EF5350FF,#CE647F,#FEA973FF,#87D549FF
06_02,15,Observed,0,7,4.618891092186381,9.38110890781362,0.888,0.7611699778408546,1,ind,ind_06_02,25,Friedemann et al 2022 Oikos,Brazil,Euterpe edulis,Arecaceae,America,Tropical,24,17,#39A1F4,#1CA295,#42A5F5FF,#26A69AFF,#B257C2,#AB47BCFF,#EA6361,#EF5350FF,#CE647F,#FEA973FF,#87D549FF
06_03,30,Observed,0,8,6.161390807645402,9.838609192354598,0.9625806451612904,0.9183990245180439,1,ind,ind_06_03,50,Friedemann et al 2022 Oikos,Brazil,Euterpe edulis,Arecaceae,America,Tropical,24,17,#39A1F4,#1CA295,#42A5F5FF,#26A69AFF,#B257C2,#AB47BCFF,#EA6361,#EF5350FF,#CE647F,#FEA973FF,#87D549FF
07_01,27,Observed,0,37,31.803247217668748,42.19675278233125,0.8843690702087287,0.8325777455500107,0.9361603948674466,ind,ind_07_01,124,Cecropia Frugivory course,Brazil,Cecropia glaziovii,Urticaceae,America,Tropical,23,15,#53ADF5,#39AEA3,#42A5F5FF,#26A69AFF,#BF72CC,#AB47BCFF,#E77C7C,#EF5350FF,#DD788B,#FD9969FF,#71CF57FF
08_02,24,Observed,0,11,8.88645609730109,13.11354390269891,0.9631410256410257,0.9045610305343775,1,ind,ind_08_02,48,Gopal et al 2020 Biotropica,India,Heynea trijuga,Meliaceae,Asia,Tropical,15,21,#9C27B0,#6237B3,#AB47BCFF,#7E57C2FF,#9C27B0,#AB47BCFF,#F44336,#EF5350FF,#5B9DAF,#B63679FF,#21908CFF
08_03,25,Observed,0,7,5.284931518280205,8.715068481719795,0.9794871794871794,0.9349228587470697,1,ind,ind_08_03,44.99999999999999,Gopal et al 2020 Biotropica,India,Myristica dactyloides,Myristicaceae,Asia,Tropical,16,24,#9325AC,#5B33AF,#AB47BCFF,#7E57C2FF,#8B23A9,#AB47BCFF,#E23734,#EF5350FF,#4F90A6,#C53C75FF,#1F998AFF
08_04,32,Observed,0,21,17.31001197950577,24.68998802049423,0.9788359788359788,0.9592944670356776,0.9983774906362801,ind,ind_08_04,186,Gopal et al 2020 Biotropica,India,Persea macrantha,Lauraceae,Asia,Tropical,18,26,#7E20A3,#4929A3,#AB47BCFF,#7E57C2FF,#7D1FA3,#AB47BCFF,#D5302F,#EF5350FF,#3B738F,#E04C67FF,#24AA83FF
09_01,18,Observed,0,22,16.44847090086007,27.55152909913993,0.8716399879190577,0.7942762298832955,0.94900374595482,ind,ind_09_01,77,Crestani et al 2018 Acta Oecologica,Brazil,Henriettea succosa,Melastomataceae,America,Tropical,25,20,#2196F3,#009688,#42A5F5FF,#26A69AFF,#A133B4,#AB47BCFF,#F2493F,#EF5350FF,#BC5374,#FEBA80FF,#9FDA3AFF
10_01,31,Observed,0,9,7.581113813401908,10.418886186598092,0.98125,0.9640258184083699,0.99847418159163,ind,ind_10_01,100,Lamperty et al 2021 Biotropica,Ecuador,Prestoea decurrens,Arecaceae,America,Tropical,28,27,#1871CD,#007567,#42A5F5FF,#26A69AFF,#761EA0,#AB47BCFF,#CF2D2D,#EF5350FF,#7D2A50,#FCECAEFF,#E7E419FF
11_01,24,Observed,0,15,12.129267492926111,17.87073250707389,0.9773992793973141,0.9526860998794064,1,ind,ind_11_01,129,Corema album - unpublished,Spain,Corema album,Ericaceae,Europe,Mediterranean,2,2,#FFD75B,#FFD75B,#FFCA28FF,#FFCA28FF,#6FBAF6,#42A5F5FF,#6FBAF6,#42A5F5FF,#f3ad6a,#040414FF,#470E61FF
12_02,15,Observed,0,11,8.5243007559526,13.4756992440474,0.938953488372093,0.8703592364234983,1,ind,ind_12_02,43,Ramaswami et al 2017 Plant Ecology,India,Bursera penicillata,Burseraceae,Asia,Tropical,10,13,#CE93D8,#B39DDB,#AB47BCFF,#7E57C2FF,#CE93D8,#AB47BCFF,#EF9A9A,#EF5350FF,#A8DBD9,#6D1D81FF,#32658EFF
12_03,12,Observed,0,6,4.549961819144368,7.450038180855632,0.9708222811671088,0.9165448643327705,1,ind,ind_12_03,29,Ramaswami et al 2017 Plant Ecology,India,Erythroxylum monogynum,Erythroxylaceae,Asia,Tropical,12,16,#B761C5,#8B69C8,#AB47BCFF,#7E57C2FF,#B863C6,#AB47BCFF,#E66F6E,#EF5350FF,#85C4C9,#892881FF,#2A768EFF
12_04,13,Observed,0,5,4.0764413107811315,5.9235586892188685,1,0.972654537072624,1,ind,ind_12_04,33,Ramaswami et al 2017 Plant Ecology,India,Flacourtia indica,Salicaceae,Asia,Tropical,13,18,#AD4DBE,#7B54C0,#AB47BCFF,#7E57C2FF,#AC4BBD,#AB47BCFF,#ED5754,#EF5350FF,#76B7C0,#982D80FF,#277F8EFF
12_05,10,Observed,0,8,5.48658800988137,10.51341199011863,0.8363636363636364,0.6975209599219616,0.9752063128053112,ind,ind_12_05,22,Ramaswami et al 2017 Plant Ecology,India,Flueggea leucopyrus,Phyllanthaceae,Asia,Tropical,14,19,#A43AB7,#6B3FB9,#AB47BCFF,#7E57C2FF,#A73FB9,#AB47BCFF,#F04F49,#EF5350FF,#68ABB8,#A7317DFF,#24878EFF
12_08,10,Observed,0,8,5.311757747145483,10.688242252854517,0.906896551724138,0.8102595206331555,1,ind,ind_12_08,30,Ramaswami et al 2017 Plant Ecology,India,Canthium coromandelicum,Rubiaceae,Asia,Tropical,11,14,#C279CE,#9E81D1,#AB47BCFF,#7E57C2FF,#C682D2,#AB47BCFF,#EB8B8B,#EF5350FF,#96CFD1,#7B2382FF,#2E6E8EFF
12_09,14,Observed,0,10,6.813466644511809,13.18653335548819,0.876048817696415,0.7885211185442227,0.9635765168486072,ind,ind_12_09,38,Ramaswami et al 2017 Plant Ecology,India,Santalum album,Santalaceae,Asia,Tropical,19,28,#741D9E,#3E239B,#AB47BCFF,#7E57C2FF,#701C9C,#AB47BCFF,#CA2A2A,#EF5350FF,#326481,#EB5760FF,#2DB27DFF
12_10,15,Observed,0,13,9.875829503801903,16.124170496198097,0.9719251336898396,0.9450863717873915,0.9987638955922876,ind,ind_12_10,102,Ramaswami et al 2017 Plant Ecology,India,Ziziphus oenopolia,Rhamnaceae,Asia,Tropical,20,29,#6A1B9A,#311B92,#AB47BCFF,#7E57C2FF,#6A1B9A,#AB47BCFF,#C62828,#EF5350FF,#2A5674,#F3655CFF,#3ABA76FF
13_01,39,Observed,0,6,4.877224122926579,7.122775877073421,1,0.9802718067566047,1,ind,ind_13_01,76,Jácome-Flores et al 2019 Oikos,Spain,Chamaerops humilis,Arecaceae,Europe,Mediterranean,1,1,#FFE082,#FFE082,#FFCA28FF,#FFCA28FF,#90CAF9,#42A5F5FF,#90CAF9,#42A5F5FF,#efc47e,#000004FF,#440154FF
13_02,24,Observed,0,6,5.612027748316741,6.387972251683259,1,1,1,ind,ind_13_02,57,Jácome-Flores et al 2019 Oikos,Spain,Chamaerops humilis,Arecaceae,Europe,Mediterranean,1,1,#FFE082,#FFE082,#FFCA28FF,#FFCA28FF,#90CAF9,#42A5F5FF,#90CAF9,#42A5F5FF,#efc47e,#000004FF,#440154FF
14_01,15,Observed,0,9,8.076441310781131,9.923558689218869,1,0.9742803719758005,1,ind,ind_14_01,59,Guerra et al 2017 Oecología,Brazil,Miconia irwinii,Melastomataceae,America,Tropical,26,23,#1E8BE8,#008C7E,#42A5F5FF,#26A69AFF,#9124AB,#AB47BCFF,#E83B35,#EF5350FF,#A84369,#FECB8EFF,#B7DE2AFF
15_01,26,Observed,0,11,8.657394972412694,13.342605027587306,0.9742798353909465,0.9422507401385991,1,ind,ind_15_01,72,Juniperus macrocarpa - unpublished,Spain,Juniperus macrocarpa,Cupressaceae,Europe,Mediterranean,3,3,#FFCF3B,#FFCF3B,#FFCA28FF,#FFCA28FF,#53ADF5,#42A5F5FF,#53ADF5,#42A5F5FF,#E4C7F1,#0C0927FF,#481B6DFF
16_01,26,Observed,0,9,8.142465759140103,9.857534240859897,1,0.9804048958587863,1,ind,ind_16_01,72,Miguel et al 2018 Oikos,Argentina,Prosopis flexuosa,Fabaceae,America,Temperate,22,11,#6FBAF6,#59BBB2,#42A5F5FF,#26A69AFF,#FFC107,#FFCA28FF,#FFC107,#FFCA28FF,#E98D99,#FB8861FF,#5DC863FF
16_02,28,Observed,0,10,7.138841642967315,12.861158357032686,0.9651462994836488,0.9340692392199323,0.9962233597473653,ind,ind_16_02,84,Miguel et al 2018 Oikos,Argentina,Prosopis flexuosa,Fabaceae,America,Temperate,22,11,#6FBAF6,#59BBB2,#42A5F5FF,#26A69AFF,#FFC107,#FFCA28FF,#FFC107,#FFCA28FF,#E98D99,#FB8861FF,#5DC863FF
16_03,54,Observed,0,10,7.993001254755361,12.006998745244639,0.9737103174603174,0.9535370550995541,0.9938835798210808,ind,ind_16_03,112,Miguel et al 2018 Oikos,Argentina,Prosopis flexuosa,Fabaceae,America,Temperate,22,11,#6FBAF6,#59BBB2,#42A5F5FF,#26A69AFF,#FFC107,#FFCA28FF,#FFC107,#FFCA28FF,#E98D99,#FB8861FF,#5DC863FF
16_04,35,Observed,0,8,5.980540141661899,10.019459858338102,0.9522248243559719,0.9133441495235034,0.9911054991884404,ind,ind_16_04,61,Miguel et al 2018 Oikos,Argentina,Prosopis flexuosa,Fabaceae,America,Temperate,22,11,#6FBAF6,#59BBB2,#42A5F5FF,#26A69AFF,#FFC107,#FFCA28FF,#FFC107,#FFCA28FF,#E98D99,#FB8861FF,#5DC863FF
16_05,29,Observed,0,9,7.262677613854432,10.737322386145568,0.9911616161616161,0.961309818349556,1,ind,ind_16_05,99,Miguel et al 2018 Oikos,Argentina,Prosopis flexuosa,Fabaceae,America,Temperate,22,11,#6FBAF6,#59BBB2,#42A5F5FF,#26A69AFF,#FFC107,#FFCA28FF,#FFC107,#FFCA28FF,#E98D99,#FB8861FF,#5DC863FF
17_01,26,Observed,0,16,12.992432949051208,19.00756705094879,0.9586435070306039,0.9322528482610393,0.9850341658001684,ind,ind_17_01,93,Visotto et al 2022 Oecologia,Brazil,Schinus terebinthifolia,Anacardiaceae,America,Temperate,27,12,#1B7FDB,#008173,#42A5F5FF,#26A69AFF,#FF8F00,#FFCA28FF,#FF8F00,#FFCA28FF,#93355D,#FDDC9EFF,#CFE11CFF
18_01,10,Observed,0,16,12.163150906495623,19.836849093504377,0.9473684210526316,0.8966481222819296,0.9980887198233337,ind,ind_18_01,72,Phyllirea angustifolia - unpublished,Spain,Phillyrea angustifolia,Oleaceae,Europe,Mediterranean,7,7,#FFA900,#FFA900,#FFCA28FF,#FFCA28FF,#1B7FDB,#42A5F5FF,#1B7FDB,#42A5F5FF,#826DBA,#410F75FF,#3F4889FF
18_02,9,Observed,0,12,9.003924216342668,14.996075783657332,0.9414634146341463,0.8602099805854129,1,ind,ind_18_02,41,Phyllirea angustifolia - unpublished,Spain,Phillyrea angustifolia,Oleaceae,Europe,Mediterranean,7,7,#FFA900,#FFA900,#FFCA28FF,#FFCA28FF,#1B7FDB,#42A5F5FF,#1B7FDB,#42A5F5FF,#826DBA,#410F75FF,#3F4889FF
19_01,24,Observed,0,43,35.18809336920496,50.81190663079504,0.8150443960462389,0.7487779833038929,0.8813108087885849,ind,ind_19_01,127,Thiel et al 2023 Biotropica,Peru,Marcgravia longifolia,Marcgraviaceae,America,Tropical,29,22,#1565C0,#00695C,#42A5F5FF,#26A69AFF,#9625AD,#AB47BCFF,#EE3F35,#EF5350FF,#672044,#FCFDBFFF,#FDE725FF
20_01,19,Observed,0,14,9.976443733453191,18.02355626654681,0.9049853372434018,0.8363398749381379,0.9736307995486657,ind,ind_20_01,62,Osyris lanceolata - unpublished,Spain,Osyris lanceolata,Santalaceae,Europe,Mediterranean,6,6,#FFB601,#FFB601,#FFCA28FF,#FFCA28FF,#1E8BE8,#42A5F5FF,#1E8BE8,#42A5F5FF,#9F82CE,#321066FF,#433E85FF
21_01,22,Observed,0,12,9.610674113842105,14.389325886157895,0.955820476858345,0.909575771690258,1,ind,ind_21_01,62,Jayanth et al 2024 Biotropica,India,Naringi crenulata,Rutaceae,Asia,Tropical,17,25,#8A22A8,#522DA8,#AB47BCFF,#7E57C2FF,#8421A5,#AB47BCFF,#DB3432,#EF5350FF,#45819A,#D3436EFF,#1FA187FF
21_02,20,Observed,0,13,10.041844088067089,15.958155911932911,0.9316239316239316,0.875828299284557,0.9874195639633063,ind,ind_21_02,57,Jayanth et al 2024 Biotropica,India,Ziziphus oenopolia,Rhamnaceae,Asia,Tropical,20,29,#6A1B9A,#311B92,#AB47BCFF,#7E57C2FF,#6A1B9A,#AB47BCFF,#C62828,#EF5350FF,#2A5674,#F3655CFF,#3ABA76FF
